Duration,Pulse,Maxpulse,Calories
1.000000,-0.155408,0.009403,0.922721
-0.155408,1.000000,0.786535,0.025120
0.009403,0.786535,1.000000,0.203814
0.922721,0.025120,0.203814,1.000000